[
  {
    "id": 1,
    "user": "test",
    "payment": "QR",
    "items": []
  },
  {
    "id": 1,
    "user": "test",
    "payment": "QR",
    "items": []
  },
  {
    "id": -257185145,
    "user": "7043572313",
    "payment": "cash on delivery",
    "items": [
      {
        "name": "banana",
        "quantity": "1 kg",
        "price": 36
      }
    ]
  },
  {
    "id": -257118437,
    "user": "7043572313",
    "payment": "cash on delivery",
    "items": [
      {
        "name": "kismis",
        "quantity": "1 kg",
        "price": 510
      }
    ]
  },
  {
    "id": -256787751,
    "user": "7043572313",
    "payment": "cash on delivery",
    "items": [
      {
        "name": "banana",
        "quantity": "1 kg",
        "price": 36
      },
      {
        "name": "orange",
        "quantity": "1 kg",
        "price": 96
      },
      {
        "name": "almond",
        "quantity": "1 kg",
        "price": 600
      },
      {
        "name": "kismis",
        "quantity": "1 kg",
        "price": 510
      }
    ]
  },
  {
    "id": -256440204,
    "user": "7043572313",
    "payment": "cash on delivery",
    "items": [
      {
        "name": "orange",
        "quantity": "1 kg",
        "price": 96
      }
    ]
  },
  {
    "id": -255625717,
    "orderTime": 1752091031037,
    "user": "7043572313",
    "payment": "cash on delivery",
    "items": [
      {
        "name": "orange",
        "quantity": "1 kg",
        "price": 96
      },
      {
        "name": "cherry",
        "quantity": "1 kg",
        "price": 238
      }
    ]
  },
  {
    "id": -254223477,
    "orderTime": 1752092433259,
    "user": "7043572313",
    "payment": "cash on delivery",
    "items": [
      {
        "name": "banana",
        "quantity": "1 kg",
        "price": 36
      },
      {
        "name": "orange",
        "quantity": "1 kg",
        "price": 96
      }
    ]
  },
  {
    "id": -254167672,
    "orderTime": 1752092489088,
    "user": "7043572313",
    "payment": "cash on delivery",
    "items": [
      {
        "name": "orange",
        "quantity": "1 kg",
        "price": 96
      }
    ]
  },
  {
    "id": -227760654,
    "orderTime": 1752118896090,
    "user": "7043572313",
    "payment": "cash on delivery",
    "items": [
      {
        "name": "cherry",
        "quantity": "1 kg",
        "price": 238
      }
    ]
  }
]